"sifra_ko","obcina"
1,"HODOŠ"
2,"MORAVSKE TOPLICE"
3,"ŠALOVCI"
4,"ŠALOVCI"
5,"ŠALOVCI"
6,"ŠALOVCI"
7,"GORNJI PETROVCI"
8,"GORNJI PETROVCI"
9,"GORNJI PETROVCI"
10,"GORNJI PETROVCI"
11,"GORNJI PETROVCI"
12,"GORNJI PETROVCI"
13,"GORNJI PETROVCI"
14,"GORNJI PETROVCI"
15,"GORNJI PETROVCI"
16,"GORNJI PETROVCI"
17,"ŠALOVCI"
18,"HODOŠ"
19,"ŠALOVCI"
20,"GORNJI PETROVCI"
21,"GORNJI PETROVCI"
22,"GORNJI PETROVCI"
23,"KUZMA"
24,"KUZMA"
25,"KUZMA"
26,"KUZMA"
27,"KUZMA"
28,"ROGAŠOVCI"
29,"ROGAŠOVCI"
30,"ROGAŠOVCI"
31,"ROGAŠOVCI"
32,"ROGAŠOVCI"
33,"ROGAŠOVCI"
34,"ROGAŠOVCI"
35,"ROGAŠOVCI"
36,"ROGAŠOVCI"
37,"GRAD"
38,"GRAD"
39,"GRAD"
40,"PUCONCI"
41,"PUCONCI"
42,"PUCONCI"
43,"GRAD"
44,"PUCONCI"
45,"GRAD"
46,"GRAD"
47,"GRAD"
48,"ROGAŠOVCI"
49,"ROGAŠOVCI"
50,"CANKOVA"
51,"CANKOVA"
52,"PUCONCI"
53,"PUCONCI"
54,"PUCONCI"
55,"PUCONCI"
56,"PUCONCI"
57,"GORNJI PETROVCI"
58,"PUCONCI"
59,"PUCONCI"
60,"PUCONCI"
61,"PUCONCI"
62,"PUCONCI"
64,"PUCONCI"
65,"CANKOVA"
66,"CANKOVA"
67,"CANKOVA"
68,"CANKOVA"
69,"CANKOVA"
70,"CANKOVA"
71,"PUCONCI"
72,"PUCONCI"
73,"PUCONCI"
74,"PUCONCI"
75,"PUCONCI"
76,"PUCONCI"
77,"PUCONCI"
78,"MORAVSKE TOPLICE"
79,"PUCONCI"
80,"MORAVSKE TOPLICE"
81,"MORAVSKE TOPLICE"
82,"MORAVSKE TOPLICE"
83,"MORAVSKE TOPLICE"
84,"MORAVSKE TOPLICE"
85,"MORAVSKE TOPLICE"
86,"MORAVSKE TOPLICE"
87,"MORAVSKE TOPLICE"
88,"MORAVSKE TOPLICE"
89,"MORAVSKE TOPLICE"
90,"MORAVSKE TOPLICE"
91,"MORAVSKE TOPLICE"
92,"MURSKA SOBOTA"
92,"MORAVSKE TOPLICE"
93,"MORAVSKE TOPLICE"
94,"MORAVSKE TOPLICE"
95,"MORAVSKE TOPLICE"
96,"MORAVSKE TOPLICE"
97,"MORAVSKE TOPLICE"
98,"MORAVSKE TOPLICE"
99,"MORAVSKE TOPLICE"
100,"MORAVSKE TOPLICE"
101,"MORAVSKE TOPLICE"
102,"MORAVSKE TOPLICE"
103,"MORAVSKE TOPLICE"
104,"MURSKA SOBOTA"
105,"MORAVSKE TOPLICE"
105,"MURSKA SOBOTA"
106,"MORAVSKE TOPLICE"
107,"MURSKA SOBOTA"
107,"MORAVSKE TOPLICE"
108,"MURSKA SOBOTA"
109,"MURSKA SOBOTA"
110,"PUCONCI"
110,"MURSKA SOBOTA"
111,"MURSKA SOBOTA"
112,"MURSKA SOBOTA"
113,"MURSKA SOBOTA"
114,"TIŠINA"
115,"TIŠINA"
116,"TIŠINA"
117,"TIŠINA"
118,"TIŠINA"
119,"TIŠINA"
120,"TIŠINA"
121,"TIŠINA"
122,"TIŠINA"
123,"TIŠINA"
124,"TIŠINA"
125,"TIŠINA"
126,"MURSKA SOBOTA"
127,"MURSKA SOBOTA"
128,"MURSKA SOBOTA"
129,"BELTINCI"
130,"BELTINCI"
131,"BELTINCI"
132,"BELTINCI"
133,"BELTINCI"
134,"BELTINCI"
135,"BELTINCI"
136,"BELTINCI"
137,"ODRANCI"
138,"ČRENŠOVCI"
139,"ČRENŠOVCI"
140,"ČRENŠOVCI"
141,"ČRENŠOVCI"
142,"ČRENŠOVCI"
143,"ČRENŠOVCI"
144,"KOBILJE"
145,"DOBROVNIK"
146,"DOBROVNIK"
147,"DOBROVNIK"
148,"TURNIŠČE"
149,"TURNIŠČE"
150,"TURNIŠČE"
151,"VELIKA POLANA"
152,"TURNIŠČE"
153,"LENDAVA"
154,"LENDAVA"
155,"LENDAVA"
156,"LENDAVA"
157,"LENDAVA"
158,"LENDAVA"
159,"VELIKA POLANA"
160,"VELIKA POLANA"
161,"LENDAVA"
162,"LENDAVA"
163,"LENDAVA"
164,"LENDAVA"
165,"LENDAVA"
166,"LENDAVA"
167,"LENDAVA"
168,"LENDAVA"
169,"LENDAVA"
170,"LENDAVA"
171,"APAČE"
172,"APAČE"
173,"APAČE"
174,"APAČE"
175,"APAČE"
176,"APAČE"
177,"APAČE"
178,"APAČE"
179,"APAČE"
180,"APAČE"
181,"APAČE"
181,"KIDRIČEVO"
182,"APAČE"
183,"APAČE"
184,"GORNJA RADGONA"
186,"GORNJA RADGONA"
187,"GORNJA RADGONA"
188,"GORNJA RADGONA"
189,"GORNJA RADGONA"
190,"GORNJA RADGONA"
191,"APAČE"
192,"GORNJA RADGONA"
193,"GORNJA RADGONA"
194,"GORNJA RADGONA"
195,"GORNJA RADGONA"
196,"GORNJA RADGONA"
197,"GORNJA RADGONA"
198,"RADENCI"
199,"RADENCI"
200,"RADENCI"
201,"RADENCI"
202,"RADENCI"
203,"GORNJA RADGONA"
204,"RADENCI"
205,"GORNJA RADGONA"
206,"GORNJA RADGONA"
207,"GORNJA RADGONA"
208,"GORNJA RADGONA"
209,"GORNJA RADGONA"
210,"GORNJA RADGONA"
211,"GORNJA RADGONA"
212,"RADENCI"
213,"SVETI JURIJ OB ŠČAVNICI"
213,"RADENCI"
214,"SVETI JURIJ OB ŠČAVNICI"
215,"SVETI JURIJ OB ŠČAVNICI"
216,"RADENCI"
217,"RADENCI"
218,"RADENCI"
219,"RADENCI"
220,"SVETI JURIJ OB ŠČAVNICI"
221,"SVETI JURIJ OB ŠČAVNICI"
222,"SVETI JURIJ OB ŠČAVNICI"
223,"SVETI JURIJ OB ŠČAVNICI"
224,"SVETI JURIJ OB ŠČAVNICI"
225,"SVETI JURIJ OB ŠČAVNICI"
226,"SVETI JURIJ OB ŠČAVNICI"
227,"SVETI JURIJ OB ŠČAVNICI"
228,"SVETI JURIJ OB ŠČAVNICI"
229,"SVETI JURIJ OB ŠČAVNICI"
230,"LJUTOMER"
230,"KRIŽEVCI"
231,"KRIŽEVCI"
232,"KRIŽEVCI"
233,"VERŽEJ"
234,"VERŽEJ"
235,"KRIŽEVCI"
236,"KRIŽEVCI"
237,"LJUTOMER"
237,"VERŽEJ"
238,"LJUTOMER"
239,"LJUTOMER"
240,"LJUTOMER"
241,"LJUTOMER"
242,"LJUTOMER"
243,"LJUTOMER"
244,"KRIŽEVCI"
245,"KRIŽEVCI"
246,"KRIŽEVCI"
247,"KRIŽEVCI"
248,"LJUTOMER"
249,"LJUTOMER"
250,"KRIŽEVCI"
251,"SVETI JURIJ OB ŠČAVNICI"
252,"LJUTOMER"
253,"LJUTOMER"
254,"LJUTOMER"
255,"LJUTOMER"
256,"LJUTOMER"
257,"LJUTOMER"
258,"LJUTOMER"
259,"LJUTOMER"
260,"LJUTOMER"
261,"LJUTOMER"
262,"LJUTOMER"
263,"LJUTOMER"
264,"LJUTOMER"
265,"LJUTOMER"
266,"LJUTOMER"
267,"LJUTOMER"
268,"LJUTOMER"
269,"LJUTOMER"
270,"LJUTOMER"
271,"LJUTOMER"
272,"LJUTOMER"
273,"LJUTOMER"
274,"LJUTOMER"
274,"RAZKRIŽJE"
275,"RAZKRIŽJE"
276,"RAZKRIŽJE"
277,"RAZKRIŽJE"
278,"RAZKRIŽJE"
279,"SVETI TOMAŽ"
280,"SVETI TOMAŽ"
281,"SVETI TOMAŽ"
282,"SVETI TOMAŽ"
283,"SVETI TOMAŽ"
284,"SVETI TOMAŽ"
285,"SVETI TOMAŽ"
286,"SVETI TOMAŽ"
287,"ORMOŽ"
287,"SVETI TOMAŽ"
288,"SVETI TOMAŽ"
289,"SVETI TOMAŽ"
290,"ORMOŽ"
291,"ORMOŽ"
292,"ORMOŽ"
293,"ORMOŽ"
294,"ORMOŽ"
295,"ORMOŽ"
296,"ORMOŽ"
297,"ORMOŽ"
298,"ORMOŽ"
299,"ORMOŽ"
300,"ORMOŽ"
301,"ORMOŽ"
302,"ORMOŽ"
303,"ORMOŽ"
304,"ORMOŽ"
305,"ORMOŽ"
306,"ORMOŽ"
307,"ORMOŽ"
308,"ORMOŽ"
309,"ORMOŽ"
310,"ORMOŽ"
311,"SREDIŠČE OB DRAVI"
311,"ORMOŽ"
312,"ORMOŽ"
313,"SREDIŠČE OB DRAVI"
314,"ORMOŽ"
315,"ORMOŽ"
316,"ORMOŽ"
317,"ORMOŽ"
318,"ORMOŽ"
319,"ORMOŽ"
320,"ORMOŽ"
321,"ORMOŽ"
322,"ORMOŽ"
323,"ORMOŽ"
324,"ORMOŽ"
325,"ORMOŽ"
326,"ORMOŽ"
327,"ORMOŽ"
328,"ORMOŽ"
329,"ORMOŽ"
330,"ORMOŽ"
331,"ORMOŽ"
332,"ORMOŽ"
333,"ORMOŽ"
334,"ORMOŽ"
335,"ORMOŽ"
336,"SREDIŠČE OB DRAVI"
337,"SREDIŠČE OB DRAVI"
338,"SREDIŠČE OB DRAVI"
338,"ORMOŽ"
339,"SVETI ANDRAŽ V SLOV. GORICAH"
340,"SVETI ANDRAŽ V SLOV. GORICAH"
341,"SVETI ANDRAŽ V SLOV. GORICAH"
342,"SVETI ANDRAŽ V SLOV. GORICAH"
343,"SVETI ANDRAŽ V SLOV. GORICAH"
344,"SVETI ANDRAŽ V SLOV. GORICAH"
345,"TRNOVSKA VAS"
346,"TRNOVSKA VAS"
347,"TRNOVSKA VAS"
348,"DESTRNIK"
348,"TRNOVSKA VAS"
349,"DESTRNIK"
350,"TRNOVSKA VAS"
351,"DESTRNIK"
352,"DESTRNIK"
353,"JURŠINCI"
354,"JURŠINCI"
355,"JURŠINCI"
356,"PTUJ"
356,"JURŠINCI"
357,"JURŠINCI"
358,"JURŠINCI"
359,"JURŠINCI"
360,"JURŠINCI"
361,"DESTRNIK"
362,"DESTRNIK"
363,"DESTRNIK"
364,"DESTRNIK"
365,"DESTRNIK"
366,"PTUJ"
367,"PTUJ"
368,"DESTRNIK"
369,"DESTRNIK"
370,"DESTRNIK"
371,"DESTRNIK"
372,"PTUJ"
373,"JURŠINCI"
374,"JURŠINCI"
375,"JURŠINCI"
376,"JURŠINCI"
377,"DORNAVA"
378,"DORNAVA"
379,"DORNAVA"
380,"DORNAVA"
381,"GORIŠNICA"
381,"DORNAVA"
382,"DORNAVA"
383,"DORNAVA"
384,"DORNAVA"
385,"PTUJ"
386,"PTUJ"
387,"PTUJ"
388,"PTUJ"
389,"PTUJ"
390,"PTUJ"
391,"PTUJ"
392,"PTUJ"
393,"HAJDINA"
394,"HAJDINA"
394,"KIDRIČEVO"
395,"HAJDINA"
396,"HAJDINA"
397,"PTUJ"
397,"KIDRIČEVO"
397,"HAJDINA"
399,"HAJDINA"
400,"PTUJ"
401,"PTUJ"
402,"PTUJ"
403,"MARKOVCI"
404,"MARKOVCI"
405,"MARKOVCI"
406,"GORIŠNICA"
407,"GORIŠNICA"
408,"GORIŠNICA"
409,"GORIŠNICA"
410,"GORIŠNICA"
411,"GORIŠNICA"
412,"GORIŠNICA"
413,"GORIŠNICA"
414,"MARKOVCI"
415,"MARKOVCI"
416,"MARKOVCI"
417,"VIDEM"
417,"MARKOVCI"
418,"MARKOVCI"
419,"VIDEM"
420,"MARIBOR"
420,"VIDEM"
421,"HAJDINA"
421,"VIDEM"
422,"VIDEM"
423,"VIDEM"
424,"KIDRIČEVO"
424,"APAČE"
425,"KIDRIČEVO"
425,"PTUJ"
426,"KIDRIČEVO"
427,"KIDRIČEVO"
428,"KIDRIČEVO"
429,"KIDRIČEVO"
430,"KIDRIČEVO"
431,"KIDRIČEVO"
432,"KIDRIČEVO"
433,"KIDRIČEVO"
434,"KIDRIČEVO"
435,"KIDRIČEVO"
436,"MAJŠPERK"
437,"MAJŠPERK"
438,"MAJŠPERK"
439,"MAJŠPERK"
440,"MAJŠPERK"
441,"MAJŠPERK"
442,"MAJŠPERK"
443,"MAJŠPERK"
444,"MAJŠPERK"
445,"VIDEM"
446,"VIDEM"
447,"VIDEM"
448,"VIDEM"
449,"PTUJ"
449,"VIDEM"
450,"VIDEM"
451,"PODLEHNIK"
452,"VIDEM"
453,"PODLEHNIK"
454,"PODLEHNIK"
455,"PODLEHNIK"
456,"PODLEHNIK"
457,"PODLEHNIK"
458,"VIDEM"
459,"VIDEM"
460,"VIDEM"
461,"CIRKULANE"
462,"CIRKULANE"
463,"CIRKULANE"
464,"ZAVRČ"
465,"ZAVRČ"
466,"ZAVRČ"
467,"ZAVRČ"
468,"ZAVRČ"
469,"ZAVRČ"
470,"ZAVRČ"
471,"ZAVRČ"
472,"ZAVRČ"
473,"CIRKULANE"
474,"CIRKULANE"
475,"CIRKULANE"
476,"CIRKULANE"
477,"CIRKULANE"
478,"CIRKULANE"
479,"CIRKULANE"
480,"CIRKULANE"
481,"CIRKULANE"
482,"GORIŠNICA"
482,"CIRKULANE"
483,"VIDEM"
484,"VIDEM"
485,"VIDEM"
486,"VIDEM"
487,"VIDEM"
488,"VIDEM"
489,"VIDEM"
490,"VIDEM"
491,"VIDEM"
491,"PODLEHNIK"
492,"PODLEHNIK"
492,"VIDEM"
493,"PODLEHNIK"
494,"PODLEHNIK"
495,"PODLEHNIK"
496,"PODLEHNIK"
497,"ŽETALE"
498,"ŽETALE"
499,"MAJŠPERK"
500,"MAJŠPERK"
501,"MAJŠPERK"
502,"MAJŠPERK"
503,"MAJŠPERK"
504,"ŽETALE"
505,"ŽETALE"
506,"ŽETALE"
507,"SVETA ANA"
508,"SVETA ANA"
509,"SVETA ANA"
510,"SVETA ANA"
511,"SVETI JURIJ V SLOVENSKIH GORICAH"
511,"SVETI JURIJ V SLOV. GORICAH"
512,"SVETA ANA"
513,"SVETA ANA"
514,"SVETA ANA"
515,"SVETA ANA"
516,"BENEDIKT"
517,"BENEDIKT"
518,"BENEDIKT"
519,"BENEDIKT"
520,"BENEDIKT"
521,"BENEDIKT"
522,"LENART"
523,"LENART"
524,"SVETA ANA"
525,"SVETI JURIJ V SLOV. GORICAH"
525,"SVETI JURIJ V SLOVENSKIH GORICAH"
527,"SVETI JURIJ V SLOVENSKIH GORICAH"
527,"SVETI JURIJ V SLOV. GORICAH"
528,"SVETI JURIJ V SLOVENSKIH GORICAH"
528,"SVETI JURIJ V SLOV. GORICAH"
529,"SVETI JURIJ V SLOV. GORICAH"
529,"LENART"
529,"SVETI JURIJ V SLOVENSKIH GORICAH"
530,"SVETI JURIJ V SLOV. GORICAH"
530,"SVETI JURIJ V SLOVENSKIH GORICAH"
530,"LENART"
531,"SVETI JURIJ V SLOV. GORICAH"
531,"LENART"
532,"LENART"
533,"SV. TROJICA V SLOV. GORICAH"
533,"LENART"
534,"SV. TROJICA V SLOV. GORICAH"
534,"SVETA TROJICA V SLOVENSKIH GORICAH"
535,"LENART"
535,"SV. TROJICA V SLOV. GORICAH"
535,"SVETA TROJICA V SLOVENSKIH GORICAH"
536,"SVETA TROJICA V SLOVENSKIH GORICAH"
536,"SV. TROJICA V SLOV. GORICAH"
537,"SV. TROJICA V SLOV. GORICAH"
538,"SVETA TROJICA V SLOVENSKIH GORICAH"
538,"SV. TROJICA V SLOV. GORICAH"
539,"CERKVENJAK"
540,"CERKVENJAK"
541,"CERKVENJAK"
542,"CERKVENJAK"
542,"MORAVSKE TOPLICE"
543,"CERKVENJAK"
544,"CERKVENJAK"
545,"CERKVENJAK"
546,"SV. TROJICA V SLOV. GORICAH"
547,"SV. TROJICA V SLOV. GORICAH"
547,"SVETA TROJICA V SLOVENSKIH GORICAH"
548,"SVETA TROJICA V SLOVENSKIH GORICAH"
548,"SV. TROJICA V SLOV. GORICAH"
549,"LENART"
550,"LENART"
551,"LENART"
552,"LENART"
553,"LENART"
554,"LENART"
555,"LENART"
556,"SVETA TROJICA V SLOVENSKIH GORICAH"
556,"SV. TROJICA V SLOV. GORICAH"
557,"LENART"
558,"LENART"
559,"LENART"
561,"LENART"
562,"LENART"
563,"ŠENTILJ"
564,"ŠENTILJ"
565,"ŠENTILJ"
566,"ŠENTILJ"
567,"ŠENTILJ"
568,"ŠENTILJ"
569,"ŠENTILJ"
570,"ŠENTILJ"
571,"PESNICA"
572,"PESNICA"
573,"PESNICA"
574,"PESNICA"
575,"ŠENTILJ"
576,"ŠENTILJ"
577,"PESNICA"
578,"PESNICA"
579,"PESNICA"
580,"PESNICA"
581,"ŠENTILJ"
582,"ŠENTILJ"
583,"ŠENTILJ"
584,"ŠENTILJ"
585,"ŠENTILJ"
586,"KUNGOTA"
587,"KUNGOTA"
588,"KUNGOTA"
589,"KUNGOTA"
590,"KUNGOTA"
591,"KUNGOTA"
592,"KUNGOTA"
593,"KUNGOTA"
594,"KUNGOTA"
595,"MARIBOR"
595,"KUNGOTA"
596,"KUNGOTA"
597,"KUNGOTA"
598,"KUNGOTA"
599,"KUNGOTA"
600,"KUNGOTA"
601,"KUNGOTA"
602,"MARIBOR"
603,"PESNICA"
603,"KUNGOTA"
604,"KUNGOTA"
605,"PESNICA"
606,"PESNICA"
607,"PESNICA"
608,"PESNICA"
609,"PESNICA"
610,"PESNICA"
611,"PESNICA"
612,"PESNICA"
613,"PESNICA"
614,"PESNICA"
615,"PESNICA"
616,"PESNICA"
617,"PESNICA"
618,"PESNICA"
619,"PESNICA"
620,"KUNGOTA"
621,"MARIBOR"
622,"MARIBOR"
623,"SELNICA OB DRAVI"
624,"SELNICA OB DRAVI"
625,"SELNICA OB DRAVI"
626,"SELNICA OB DRAVI"
627,"SELNICA OB DRAVI"
628,"SELNICA OB DRAVI"
629,"SELNICA OB DRAVI"
630,"SELNICA OB DRAVI"
631,"SELNICA OB DRAVI"
632,"SELNICA OB DRAVI"
633,"MARIBOR"
634,"MARIBOR"
635,"MARIBOR"
636,"MARIBOR"
637,"MARIBOR"
638,"MARIBOR"
639,"MARIBOR"
640,"MARIBOR"
641,"PESNICA"
642,"PESNICA"
643,"PESNICA"
644,"MARIBOR"
645,"MARIBOR"
646,"MARIBOR"
647,"MARIBOR"
648,"MARIBOR"
649,"MARIBOR"
650,"MARIBOR"
651,"MARIBOR"
652,"MARIBOR"
653,"MARIBOR"
654,"MARIBOR"
655,"MARIBOR"
656,"MARIBOR"
657,"MARIBOR"
658,"MARIBOR"
659,"MARIBOR"
659,"TABOR"
660,"MARIBOR"
661,"MARIBOR"
662,"MARIBOR"
663,"RUŠE"
664,"MARIBOR"
664,"RUŠE"
665,"RUŠE"
666,"LOVRENC NA POHORJU"
666,"RUŠE"
667,"RUŠE"
667,"LOVRENC NA POHORJU"
668,"LOVRENC NA POHORJU"
669,"LOVRENC NA POHORJU"
670,"LOVRENC NA POHORJU"
671,"LOVRENC NA POHORJU"
672,"RUŠE"
673,"RUŠE"
674,"MARIBOR"
675,"MARIBOR"
676,"MARIBOR"
677,"MARIBOR"
678,"MARIBOR"
679,"MARIBOR"
680,"MARIBOR"
681,"MARIBOR"
682,"MARIBOR"
683,"MARIBOR"
684,"MARIBOR"
684,"DUPLEK"
685,"DUPLEK"
686,"DUPLEK"
687,"DUPLEK"
688,"DUPLEK"
689,"DUPLEK"
690,"DUPLEK"
691,"DUPLEK"
692,"DUPLEK"
693,"MIKLAVŽ NA DRAVSKEM POLJU"
693,"MARIBOR"
694,"HOČE-SLIVNICA"
695,"HOČE-SLIVNICA"
696,"HOČE-SLIVNICA"
697,"HOČE-SLIVNICA"
698,"HOČE-SLIVNICA"
699,"HOČE-SLIVNICA"
700,"HOČE-SLIVNICA"
701,"HOČE-SLIVNICA"
702,"RAČE-FRAM"
703,"MARIBOR"
703,"HOČE-SLIVNICA"
704,"HOČE-SLIVNICA"
705,"HOČE-SLIVNICA"
706,"HOČE-SLIVNICA"
707,"HOČE-SLIVNICA"
708,"MIKLAVŽ NA DRAVSKEM POLJU"
709,"STARŠE"
710,"DUPLEK"
711,"DUPLEK"
712,"STARŠE"
713,"STARŠE"
714,"STARŠE"
715,"STARŠE"
716,"RAČE-FRAM"
717,"RAČE-FRAM"
718,"RAČE-FRAM"
719,"RAČE-FRAM"
720,"RAČE-FRAM"
721,"RAČE-FRAM"
722,"RAČE-FRAM"
723,"RAČE-FRAM"
723,"STARŠE"
724,"RAČE-FRAM"
724,"STARŠE"
725,"SLOVENSKA BISTRICA"
726,"SLOVENSKA BISTRICA"
727,"SLOVENSKA BISTRICA"
728,"SLOVENSKA BISTRICA"
729,"SLOVENSKA BISTRICA"
730,"SLOVENSKA BISTRICA"
731,"SLOVENSKA BISTRICA"
732,"SLOVENSKA BISTRICA"
734,"SLOVENSKA BISTRICA"
735,"SLOVENSKA BISTRICA"
736,"SLOVENSKA BISTRICA"
737,"SLOVENSKA BISTRICA"
738,"SLOVENSKA BISTRICA"
739,"SLOVENSKA BISTRICA"
740,"SLOVENSKA BISTRICA"
741,"SLOVENSKA BISTRICA"
742,"SLOVENSKA BISTRICA"
743,"SLOVENSKA BISTRICA"
744,"SLOVENSKA BISTRICA"
745,"SLOVENSKA BISTRICA"
746,"SLOVENSKA BISTRICA"
747,"SLOVENSKA BISTRICA"
748,"SLOVENSKA BISTRICA"
749,"KIDRIČEVO"
750,"SLOVENSKA BISTRICA"
751,"SLOVENSKA BISTRICA"
752,"SLOVENSKA BISTRICA"
753,"MARIBOR"
753,"SLOVENSKA BISTRICA"
754,"SLOVENSKA BISTRICA"
755,"SLOVENSKA BISTRICA"
756,"SLOVENSKA BISTRICA"
757,"SLOVENSKA BISTRICA"
758,"OPLOTNICA"
759,"OPLOTNICA"
760,"OPLOTNICA"
761,"OPLOTNICA"
762,"ZREČE"
762,"OPLOTNICA"
763,"OPLOTNICA"
764,"OPLOTNICA"
765,"SLOVENSKA BISTRICA"
766,"SLOVENSKA BISTRICA"
767,"SLOVENSKA BISTRICA"
768,"SLOVENSKA BISTRICA"
769,"SLOVENSKA BISTRICA"
770,"SLOVENSKA BISTRICA"
771,"SLOVENSKA BISTRICA"
772,"MAKOLE"
773,"MAKOLE"
774,"MAJŠPERK"
774,"MAKOLE"
775,"MAKOLE"
776,"SLOVENSKA BISTRICA"
776,"MAKOLE"
777,"POLJČANE"
778,"SLOVENSKA BISTRICA"
778,"POLJČANE"
779,"POLJČANE"
780,"POLJČANE"
781,"POLJČANE"
782,"POLJČANE"
783,"POLJČANE"
784,"POLJČANE"
785,"MAKOLE"
786,"MUTA"
787,"MUTA"
788,"MUTA"
789,"MUTA"
790,"RADLJE OB DRAVI"
791,"RADLJE OB DRAVI"
792,"RADLJE OB DRAVI"
793,"RADLJE OB DRAVI"
794,"RADLJE OB DRAVI"
795,"RADLJE OB DRAVI"
796,"PODVELKA"
797,"PODVELKA"
798,"PODVELKA"
799,"PODVELKA"
800,"PODVELKA"
801,"PODVELKA"
802,"RADLJE OB DRAVI"
802,"PODVELKA"
803,"RADLJE OB DRAVI"
804,"RADLJE OB DRAVI"
805,"RADLJE OB DRAVI"
806,"RADLJE OB DRAVI"
807,"MUTA"
808,"MUTA"
809,"MUTA"
810,"MUTA"
812,"VUZENICA"
813,"VUZENICA"
814,"VUZENICA"
814,"LJUBLJANA"
815,"VUZENICA"
816,"RADLJE OB DRAVI"
817,"RADLJE OB DRAVI"
818,"RADLJE OB DRAVI"
818,"RIBNICA NA POHORJU"
819,"PODVELKA"
819,"RIBNICA NA POHORJU"
820,"PODVELKA"
821,"PODVELKA"
822,"PODVELKA"
822,"RIBNICA NA POHORJU"
823,"RIBNICA NA POHORJU"
824,"RIBNICA NA POHORJU"
825,"DRAVOGRAD"
826,"DRAVOGRAD"
827,"DRAVOGRAD"
828,"DRAVOGRAD"
829,"DRAVOGRAD"
831,"DRAVOGRAD"
832,"DRAVOGRAD"
833,"DRAVOGRAD"
834,"DRAVOGRAD"
835,"DRAVOGRAD"
837,"DRAVOGRAD"
838,"DRAVOGRAD"
839,"DRAVOGRAD"
840,"DRAVOGRAD"
841,"DRAVOGRAD"
842,"DRAVOGRAD"
843,"DRAVOGRAD"
844,"DRAVOGRAD"
845,"SLOVENJ GRADEC"
846,"SLOVENJ GRADEC"
847,"SLOVENJ GRADEC"
848,"SLOVENJ GRADEC"
849,"SLOVENJ GRADEC"
850,"SLOVENJ GRADEC"
851,"SLOVENJ GRADEC"
852,"SLOVENJ GRADEC"
853,"SLOVENJ GRADEC"
854,"SLOVENJ GRADEC"
855,"SLOVENJ GRADEC"
856,"SLOVENJ GRADEC"
857,"SLOVENJ GRADEC"
858,"SLOVENJ GRADEC"
859,"SLOVENJ GRADEC"
860,"SLOVENJ GRADEC"
861,"SLOVENJ GRADEC"
862,"SLOVENJ GRADEC"
863,"MISLINJA"
864,"MISLINJA"
865,"MISLINJA"
866,"MISLINJA"
867,"MISLINJA"
868,"MISLINJA"
869,"PREVALJE"
870,"PREVALJE"
871,"RAVNE NA KOROŠKEM"
872,"RAVNE NA KOROŠKEM"
873,"PREVALJE"
874,"PREVALJE"
875,"PREVALJE"
876,"PREVALJE"
877,"KRANJ"
877,"RAVNE NA KOROŠKEM"
877,"PREVALJE"
878,"RAVNE NA KOROŠKEM"
879,"RAVNE NA KOROŠKEM"
880,"RAVNE NA KOROŠKEM"
882,"RAVNE NA KOROŠKEM"
883,"PREVALJE"
883,"RAVNE NA KOROŠKEM"
884,"PREVALJE"
885,"PREVALJE"
886,"PREVALJE"
887,"MEŽICA"
888,"MEŽICA"
889,"MEŽICA"
890,"MEŽICA"
891,"PREVALJE"
892,"PREVALJE"
893,"PREVALJE"
893,"RAVNE NA KOROŠKEM"
894,"RAVNE NA KOROŠKEM"
895,"RAVNE NA KOROŠKEM"
896,"RAVNE NA KOROŠKEM"
897,"RAVNE NA KOROŠKEM"
898,"RAVNE NA KOROŠKEM"
900,"ČRNA NA KOROŠKEM"
902,"ČRNA NA KOROŠKEM"
903,"ČRNA NA KOROŠKEM"
904,"ČRNA NA KOROŠKEM"
905,"ČRNA NA KOROŠKEM"
906,"ČRNA NA KOROŠKEM"
907,"ČRNA NA KOROŠKEM"
908,"ČRNA NA KOROŠKEM"
909,"SOLČAVA"
910,"SOLČAVA"
911,"LUČE"
912,"LUČE"
913,"LJUBNO"
914,"LJUBNO"
915,"MOZIRJE"
916,"MOZIRJE"
917,"MOZIRJE"
918,"MOZIRJE"
919,"RADOVLJICA"
919,"MOZIRJE"
920,"MOZIRJE"
921,"REČICA OB SAVINJI"
922,"REČICA OB SAVINJI"
923,"LJUBNO"
924,"LJUBNO"
925,"LUČE"
926,"LUČE"
927,"LUČE"
928,"LUČE"
929,"GORNJI GRAD"
930,"GORNJI GRAD"
931,"LJUBNO"
932,"LJUBNO"
932,"REČICA OB SAVINJI"
933,"LJUBNO"
933,"NAZARJE"
933,"REČICA OB SAVINJI"
934,"REČICA OB SAVINJI"
935,"REČICA OB SAVINJI"
936,"NAZARJE"
937,"MOZIRJE"
938,"NAZARJE"
939,"NAZARJE"
940,"NAZARJE"
941,"GORNJI GRAD"
942,"GORNJI GRAD"
943,"GORNJI GRAD"
944,"GORNJI GRAD"
945,"ŠOŠTANJ"
946,"ŠOŠTANJ"
947,"ŠOŠTANJ"
948,"ŠOŠTANJ"
949,"ŠOŠTANJ"
950,"VELENJE"
951,"VELENJE"
952,"VELENJE"
953,"VELENJE"
954,"VELENJE"
955,"VELENJE"
957,"VELENJE"
958,"ŠOŠTANJ"
959,"ŠOŠTANJ"
960,"ŠOŠTANJ"
961,"ŠOŠTANJ"
962,"ŠMARTNO OB PAKI"
963,"ŠOŠTANJ"
964,"MOZIRJE"
964,"VELENJE"
965,"VELENJE"
966,"VELENJE"
967,"VELENJE"
968,"VELENJE"
969,"ŠMARTNO OB PAKI"
970,"ŠMARTNO OB PAKI"
971,"ŠMARTNO OB PAKI"
972,"ŠMARTNO OB PAKI"
973,"ŠMARTNO OB PAKI"
974,"VELENJE"
975,"VELENJE"
976,"VELENJE"
977,"ŽALEC"
978,"ŽALEC"
978,"MARIBOR"
979,"ŽALEC"
980,"POLZELA"
981,"POLZELA"
982,"POLZELA"
983,"BRASLOVČE"
984,"BRASLOVČE"
985,"BRASLOVČE"
986,"BRASLOVČE"
987,"BRASLOVČE"
988,"POLZELA"
988,"BRASLOVČE"
989,"BRASLOVČE"
990,"BRASLOVČE"
991,"POLZELA"
991,"BRASLOVČE"
992,"POLZELA"
993,"POLZELA"
994,"ŽALEC"
995,"ŽALEC"
996,"ŽALEC"
997,"ŽALEC"
998,"ŽALEC"
999,"ŽALEC"
1000,"ŽALEC"
1001,"ŽALEC"
1002,"ŽALEC"
1003,"ŽALEC"
1004,"ŽALEC"
1004,"PREBOLD"
1005,"ŽALEC"
1005,"PREBOLD"
1006,"PREBOLD"
1006,"BRASLOVČE"
1006,"ŽALEC"
1006,"POLZELA"
1007,"BRASLOVČE"
1008,"BRASLOVČE"
1009,"TABOR"
1010,"VRANSKO"
1011,"VRANSKO"
1012,"VRANSKO"
1013,"VRANSKO"
1014,"VRANSKO"
1015,"VRANSKO"
1016,"TABOR"
1017,"TRBOVLJE"
1017,"TABOR"
1018,"BRASLOVČE"
1018,"PREBOLD"
1019,"PREBOLD"
1020,"ŽALEC"
1021,"ŽALEC"
1022,"LAŠKO"
1023,"LAŠKO"
1024,"LAŠKO"
1025,"LAŠKO"
1026,"LAŠKO"
1027,"LAŠKO"
1028,"LAŠKO"
1029,"LAŠKO"
1030,"LAŠKO"
1031,"LAŠKO"
1032,"LAŠKO"
1033,"LAŠKO"
1034,"LAŠKO"
1035,"LAŠKO"
1036,"LAŠKO"
1037,"LAŠKO"
1038,"LAŠKO"
1039,"LAŠKO"
1040,"LAŠKO"
1041,"LAŠKO"
1042,"LAŠKO"
1043,"LAŠKO"
1044,"DOBRNA"
1045,"DOBRNA"
1046,"DOBRNA"
1047,"VOJNIK"
1048,"VOJNIK"
1049,"VOJNIK"
1050,"VOJNIK"
1051,"VOJNIK"
1052,"VOJNIK"
1053,"VOJNIK"
1054,"VOJNIK"
1055,"VOJNIK"
1056,"DOBRNA"
1057,"CELJE"
1058,"CELJE"
1059,"VOJNIK"
1060,"VOJNIK"
1061,"VOJNIK"
1062,"VOJNIK"
1063,"VOJNIK"
1064,"VOJNIK"
1065,"VOJNIK"
1065,"CELJE"
1066,"VOJNIK"
1067,"VOJNIK"
1067,"CELJE"
1068,"CELJE"
1069,"CELJE"
1070,"CELJE"
1070,"VOJNIK"
1071,"CELJE"
1071,"VOJNIK"
1072,"VOJNIK"
1072,"CELJE"
1073,"CELJE"
1074,"CELJE"
1075,"CELJE"
1076,"CELJE"
1077,"CELJE"
1078,"CELJE"
1079,"CELJE"
1080,"CELJE"
1081,"CELJE"
1082,"CELJE"
1082,"ŠTORE"
1083,"ŠTORE"
1083,"CELJE"
1084,"ŠTORE"
1085,"ŠTORE"
1086,"ŠTORE"
1087,"ŠTORE"
1088,"ZREČE"
1089,"ZREČE"
1090,"ZREČE"
1090,"VITANJE"
1091,"ZREČE"
1091,"VITANJE"
1092,"VITANJE"
1093,"VITANJE"
1094,"VITANJE"
1095,"VITANJE"
1096,"VITANJE"
1097,"VITANJE"
1098,"ZREČE"
1099,"ZREČE"
1100,"ZREČE"
1101,"ZREČE"
1102,"ZREČE"
1103,"ZREČE"
1104,"ZREČE"
1104,"SLOVENSKE KONJICE"
1105,"SLOVENSKE KONJICE"
1105,"ZREČE"
1106,"SLOVENSKE KONJICE"
1107,"SLOVENSKE KONJICE"
1109,"SLOVENSKE KONJICE"
1110,"SLOVENSKE KONJICE"
1111,"SLOVENSKE KONJICE"
1112,"SLOVENSKE KONJICE"
1113,"SLOVENSKE KONJICE"
1114,"SLOVENSKE KONJICE"
1115,"SLOVENSKE KONJICE"
1116,"SLOVENSKE KONJICE"
1117,"SLOVENSKE KONJICE"
1118,"SLOVENSKE KONJICE"
1119,"SLOVENSKE KONJICE"
1120,"SLOVENSKE KONJICE"
1121,"SLOVENSKE KONJICE"
1122,"ŠENTJUR"
1123,"ŠENTJUR"
1124,"ŠENTJUR"
1125,"ŠENTJUR"
1126,"ŠENTJUR"
1127,"ŠENTJUR"
1128,"ŠENTJUR"
1129,"ŠENTJUR"
1130,"ŠENTJUR"
1131,"ŠENTJUR"
1132,"ŠENTJUR"
1133,"ŠENTJUR"
1134,"ŠENTJUR"
1135,"ŠENTJUR"
1136,"ŠENTJUR"
1137,"ŠENTJUR"
1138,"ŠENTJUR"
1139,"ŠENTJUR"
1140,"ŠENTJUR"
1141,"ŠENTJUR"
1142,"ŠENTJUR"
1143,"ŠENTJUR"
1144,"ŠENTJUR"
1145,"ŠENTJUR"
1146,"ŠENTJUR"
1147,"ŠENTJUR"
1148,"ŠENTJUR"
1149,"ŠENTJUR"
1150,"ŠENTJUR"
1151,"DOBJE"
1152,"DOBJE"
1153,"ŠENTJUR"
1154,"ŠENTJUR"
1155,"ŠENTJUR"
1156,"ŠENTJUR"
1157,"ŠENTJUR"
1158,"ŠENTJUR"
1158,"DOBJE"
1159,"ŠENTJUR"
1160,"ŠENTJUR"
1161,"ŠENTJUR"
1162,"ŠENTJUR"
1163,"ŠENTJUR"
1164,"ŠMARJE PRI JELŠAH"
1164,"ROGAŠKA SLATINA"
1165,"ROGAŠKA SLATINA"
1166,"ROGAŠKA SLATINA"
1167,"ROGAŠKA SLATINA"
1168,"ROGAŠKA SLATINA"
1169,"ROGAŠKA SLATINA"
1170,"ROGAŠKA SLATINA"
1171,"ROGAŠKA SLATINA"
1172,"ROGAŠKA SLATINA"
1173,"ROGATEC"
1174,"ROGATEC"
1175,"ROGATEC"
1176,"ROGATEC"
1177,"ROGATEC"
1178,"ROGATEC"
1179,"ROGAŠKA SLATINA"
1180,"ROGAŠKA SLATINA"
1181,"ROGAŠKA SLATINA"
1182,"ROGAŠKA SLATINA"
1183,"ŠMARJE PRI JELŠAH"
1184,"ŠMARJE PRI JELŠAH"
1185,"ŠMARJE PRI JELŠAH"
1186,"ŠMARJE PRI JELŠAH"
1187,"ŠMARJE PRI JELŠAH"
1188,"ŠMARJE PRI JELŠAH"
1189,"ŠMARJE PRI JELŠAH"
1190,"ŠMARJE PRI JELŠAH"
1191,"ŠMARJE PRI JELŠAH"
1192,"ROGAŠKA SLATINA"
1193,"ROGAŠKA SLATINA"
1194,"ROGAŠKA SLATINA"
1195,"ROGAŠKA SLATINA"
1196,"ROGAŠKA SLATINA"
1197,"ROGAŠKA SLATINA"
1198,"ROGAŠKA SLATINA"
1199,"ŠMARJE PRI JELŠAH"
1200,"ŠMARJE PRI JELŠAH"
1201,"ŠMARJE PRI JELŠAH"
1202,"ŠMARJE PRI JELŠAH"
1203,"ŠMARJE PRI JELŠAH"
1204,"ŠENTJUR"
1205,"ŠMARJE PRI JELŠAH"
1205,"ŠENTJUR"
1206,"ŠMARJE PRI JELŠAH"
1207,"ŠMARJE PRI JELŠAH"
1208,"ŠMARJE PRI JELŠAH"
1209,"ŠMARJE PRI JELŠAH"
1210,"PODČETRTEK"
1210,"ŠMARJE PRI JELŠAH"
1211,"ŠMARJE PRI JELŠAH"
1212,"PODČETRTEK"
1213,"ROGAŠKA SLATINA"
1214,"ROGAŠKA SLATINA"
1215,"ROGAŠKA SLATINA"
1216,"PODČETRTEK"
1217,"PODČETRTEK"
1218,"PODČETRTEK"
1219,"PODČETRTEK"
1220,"PODČETRTEK"
1220,"ŠMARJE PRI JELŠAH"
1221,"ŠMARJE PRI JELŠAH"
1222,"ŠMARJE PRI JELŠAH"
1223,"ŠMARJE PRI JELŠAH"
1224,"ŠMARJE PRI JELŠAH"
1225,"ŠMARJE PRI JELŠAH"
1226,"ŠMARJE PRI JELŠAH"
1227,"ŠMARJE PRI JELŠAH"
1228,"PODČETRTEK"
1229,"PODČETRTEK"
1230,"PODČETRTEK"
1231,"PODČETRTEK"
1232,"KOZJE"
1232,"PODČETRTEK"
1233,"PODČETRTEK"
1234,"KOZJE"
1235,"KOZJE"
1236,"KOZJE"
1237,"KOZJE"
1238,"KOZJE"
1239,"KOZJE"
1240,"PODČETRTEK"
1241,"PODČETRTEK"
1242,"KOZJE"
1243,"KOZJE"
1244,"KOZJE"
1245,"KOZJE"
1246,"BISTRICA OB SOTLI"
1247,"BISTRICA OB SOTLI"
1248,"BISTRICA OB SOTLI"
1249,"BISTRICA OB SOTLI"
1250,"BISTRICA OB SOTLI"
1251,"BISTRICA OB SOTLI"
1252,"BREŽICE"
1253,"BREŽICE"
1254,"BREŽICE"
1255,"BREŽICE"
1256,"BREŽICE"
1257,"BREŽICE"
1258,"BREŽICE"
1259,"BREŽICE"
1260,"BREŽICE"
1261,"BREŽICE"
1262,"BREŽICE"
1263,"BREŽICE"
1264,"BREŽICE"
1265,"BREŽICE"
1266,"BREŽICE"
1267,"BREŽICE"
1268,"BREŽICE"
1269,"BREŽICE"
1270,"BREŽICE"
1271,"BREŽICE"
1272,"BREŽICE"
1273,"BREŽICE"
1274,"BREŽICE"
1274,"LJUBLJANA"
1275,"BREŽICE"
1276,"BREŽICE"
1277,"BREŽICE"
1278,"BREŽICE"
1279,"BREŽICE"
1280,"BREŽICE"
1281,"BREŽICE"
1282,"BREŽICE"
1283,"BREŽICE"
1284,"BREŽICE"
1285,"BREŽICE"
1286,"BREŽICE"
1287,"BREŽICE"
1288,"BREŽICE"
1290,"BREŽICE"
1291,"BREŽICE"
1292,"BREŽICE"
1293,"BREŽICE"
1294,"BREŽICE"
1295,"BREŽICE"
1296,"BREŽICE"
1297,"BREŽICE"
1298,"BREŽICE"
1299,"BREŽICE"
1300,"BREŽICE"
1301,"BREŽICE"
1302,"BREŽICE"
1303,"BREŽICE"
1304,"BREŽICE"
1305,"BREŽICE"
1306,"BREŽICE"
1307,"BREŽICE"
1308,"BREŽICE"
1309,"BREŽICE"
1310,"BREŽICE"
1311,"KRŠKO"
1312,"KRŠKO"
1313,"KRŠKO"
1314,"KRŠKO"
1315,"KRŠKO"
1316,"KRŠKO"
1317,"KRŠKO"
1318,"KRŠKO"
1319,"KRŠKO"
1320,"KRŠKO"
1321,"KRŠKO"
1322,"KRŠKO"
1323,"KRŠKO"
1324,"KRŠKO"
1325,"KRŠKO"
1326,"KRŠKO"
1327,"KRŠKO"
1328,"KRŠKO"
1329,"KRŠKO"
1330,"KRŠKO"
1331,"KOSTANJEVICA NA KRKI"
1332,"KRŠKO"
1333,"KRŠKO"
1334,"KRŠKO"
1334,"KOSTANJEVICA NA KRKI"
1335,"KOSTANJEVICA NA KRKI"
1336,"KOSTANJEVICA NA KRKI"
1336,"KRŠKO"
1337,"KRŠKO"
1338,"KRŠKO"
1339,"KRŠKO"
1340,"KRŠKO"
1341,"KRŠKO"
1342,"KRŠKO"
1343,"KRŠKO"
1344,"KRŠKO"
1345,"KRŠKO"
1346,"KRŠKO"
1347,"KRŠKO"
1348,"KRŠKO"
1349,"KRŠKO"
1350,"KRŠKO"
1351,"KRŠKO"
1352,"KRŠKO"
1353,"KRŠKO"
1354,"KRŠKO"
1355,"KRŠKO"
1356,"KRŠKO"
1357,"KRŠKO"
1358,"KRŠKO"
1359,"KRŠKO"
1360,"KRŠKO"
1361,"SEVNICA"
1362,"SEVNICA"
1363,"SEVNICA"
1364,"SEVNICA"
1365,"SEVNICA"
1366,"SEVNICA"
1367,"SEVNICA"
1368,"SEVNICA"
1369,"SEVNICA"
1370,"SEVNICA"
1371,"SEVNICA"
1372,"SEVNICA"
1373,"SEVNICA"
1374,"SEVNICA"
1375,"SEVNICA"
1376,"SEVNICA"
1377,"SEVNICA"
1378,"SEVNICA"
1379,"SEVNICA"
1380,"SEVNICA"
1381,"SEVNICA"
1382,"SEVNICA"
1383,"SEVNICA"
1384,"SEVNICA"
1385,"SEVNICA"
1386,"SEVNICA"
1387,"ŠENTRUPERT"
1387,"SEVNICA"
1388,"SEVNICA"
1389,"SEVNICA"
1389,"ŠENTRUPERT"
1390,"SEVNICA"
1391,"SEVNICA"
1392,"SEVNICA"
1393,"SEVNICA"
1394,"SEVNICA"
1394,"ŠKOCJAN"
1395,"SEVNICA"
1396,"SEVNICA"
1396,"ŠKOCJAN"
1397,"SEVNICA"
1398,"TREBNJE"
1398,"ŠENTRUPERT"
1398,"MOKRONOG-TREBELNO"
1399,"ŠENTRUPERT"
1399,"TREBNJE"
1400,"TREBNJE"
1400,"MIRNA"
1400,"ŠENTRUPERT"
1401,"ŠENTRUPERT"
1401,"MIRNA"
1402,"MIRNA"
1402,"TREBNJE"
1403,"TREBNJE"
1404,"TREBNJE"
1405,"TREBNJE"
1406,"TREBNJE"
1407,"TREBNJE"
1408,"TREBNJE"
1409,"TREBNJE"
1409,"MIRNA"
1410,"TREBNJE"
1410,"MIRNA"
1411,"MOKRONOG-TREBELNO"
1411,"MIRNA"
1412,"MOKRONOG-TREBELNO"
1412,"TREBNJE"
1413,"MOKRONOG-TREBELNO"
1414,"MOKRONOG-TREBELNO"
1415,"MOKRONOG-TREBELNO"
1416,"MOKRONOG-TREBELNO"
1416,"MIRNA"
1417,"MOKRONOG-TREBELNO"
1418,"TREBNJE"
1419,"TREBNJE"
1420,"TREBNJE"
1421,"TREBNJE"
1422,"TREBNJE"
1423,"TREBNJE"
1424,"TREBNJE"
1425,"TREBNJE"
1426,"TREBNJE"
1427,"TREBNJE"
1428,"TREBNJE"
1429,"TREBNJE"
1430,"TREBNJE"
1431,"TREBNJE"
1432,"TREBNJE"
1433,"TREBNJE"
1433,"ŽUŽEMBERK"
1434,"ŽUŽEMBERK"
1435,"ŽUŽEMBERK"
1436,"ŽUŽEMBERK"
1437,"ŽUŽEMBERK"
1438,"ŽUŽEMBERK"
1439,"ŽUŽEMBERK"
1440,"ŽUŽEMBERK"
1441,"ŽUŽEMBERK"
1442,"ŽUŽEMBERK"
1443,"ŽUŽEMBERK"
1444,"ŽUŽEMBERK"
1445,"ŽUŽEMBERK"
1446,"STRAŽA"
1446,"DOLENJSKE TOPLICE"
1447,"STRAŽA"
1447,"NOVO MESTO"
1448,"NOVO MESTO"
1448,"STRAŽA"
1449,"MIRNA PEČ"
1450,"MIRNA PEČ"
1451,"MIRNA PEČ"
1452,"MIRNA PEČ"
1453,"MIRNA PEČ"
1453,"NOVO MESTO"
1454,"NOVO MESTO"
1455,"NOVO MESTO"
1456,"NOVO MESTO"
1457,"NOVO MESTO"
1458,"NOVO MESTO"
1459,"NOVO MESTO"
1460,"NOVO MESTO"
1460,"LJUBLJANA"
1461,"ŠMARJEŠKE TOPLICE"
1462,"ŠKOCJAN"
1462,"ŠMARJEŠKE TOPLICE"
1463,"ŠKOCJAN"
1464,"ŠKOCJAN"
1465,"ŠKOCJAN"
1466,"ŠKOCJAN"
1466,"ŠMARJEŠKE TOPLICE"
1467,"NOVO MESTO"
1467,"ŠMARJEŠKE TOPLICE"
1468,"NOVO MESTO"
1468,"ŠMARJEŠKE TOPLICE"
1469,"ŠKOCJAN"
1470,"ŠKOCJAN"
1471,"ŠENTJERNEJ"
1471,"ŠKOCJAN"
1472,"ŠENTJERNEJ"
1473,"ŠENTJERNEJ"
1474,"ŠENTJERNEJ"
1475,"ŠENTJERNEJ"
1476,"ŠENTJERNEJ"
1477,"MORAVČE"
1477,"ŠENTJERNEJ"
1478,"NOVO MESTO"
1479,"NOVO MESTO"
1480,"NOVO MESTO"
1481,"NOVO MESTO"
1482,"NOVO MESTO"
1483,"NOVO MESTO"
1484,"NOVO MESTO"
1485,"NOVO MESTO"
1485,"LJUBLJANA"
1486,"NOVO MESTO"
1487,"NOVO MESTO"
1488,"NOVO MESTO"
1489,"NOVO MESTO"
1490,"MARIBOR"
1490,"NOVO MESTO"
1491,"NOVO MESTO"
1492,"NOVO MESTO"
1493,"NOVO MESTO"
1494,"STRAŽA"
1494,"NOVO MESTO"
1495,"DOLENJSKE TOPLICE"
1496,"DOLENJSKE TOPLICE"
1497,"DOLENJSKE TOPLICE"
1498,"DOLENJSKE TOPLICE"
1499,"DOLENJSKE TOPLICE"
1499,"NOVO MESTO"
1500,"NOVO MESTO"
1500,"DOLENJSKE TOPLICE"
1501,"NOVO MESTO"
1502,"METLIKA"
1503,"METLIKA"
1504,"METLIKA"
1505,"METLIKA"
1506,"METLIKA"
1507,"METLIKA"
1508,"METLIKA"
1509,"METLIKA"
1510,"METLIKA"
1511,"METLIKA"
1512,"METLIKA"
1514,"METLIKA"
1515,"METLIKA"
1516,"METLIKA"
1517,"METLIKA"
1518,"METLIKA"
1519,"METLIKA"
1520,"SEMIČ"
1521,"SEMIČ"
1522,"SEMIČ"
1523,"SEMIČ"
1524,"SEMIČ"
1525,"SEMIČ"
1526,"SEMIČ"
1527,"SEMIČ"
1528,"SEMIČ"
1529,"SEMIČ"
1530,"SEMIČ"
1532,"SEMIČ"
1533,"SEMIČ"
1534,"ČRNOMELJ"
1534,"SEMIČ"
1535,"ČRNOMELJ"
1536,"ČRNOMELJ"
1537,"ČRNOMELJ"
1538,"ČRNOMELJ"
1539,"ČRNOMELJ"
1540,"ČRNOMELJ"
1541,"ČRNOMELJ"
1542,"ČRNOMELJ"
1543,"METLIKA"
1544,"ČRNOMELJ"
1545,"ČRNOMELJ"
1546,"ČRNOMELJ"
1547,"ČRNOMELJ"
1548,"ČRNOMELJ"
1549,"ČRNOMELJ"
1550,"ČRNOMELJ"
1551,"ČRNOMELJ"
1552,"ČRNOMELJ"
1553,"ČRNOMELJ"
1554,"ČRNOMELJ"
1555,"ČRNOMELJ"
1556,"ČRNOMELJ"
1557,"ČRNOMELJ"
1558,"ČRNOMELJ"
1559,"ČRNOMELJ"
1560,"ČRNOMELJ"
1561,"ČRNOMELJ"
1562,"ČRNOMELJ"
1563,"ČRNOMELJ"
1564,"ČRNOMELJ"
1565,"ČRNOMELJ"
1566,"ČRNOMELJ"
1567,"DOBREPOLJE"
1568,"DOBREPOLJE"
1569,"KOČEVJE"
1570,"KOČEVJE"
1571,"KOČEVJE"
1573,"KOČEVJE"
1574,"KOČEVJE"
1575,"KOČEVJE"
1576,"KOČEVJE"
1577,"KOČEVJE"
1577,"KOSTEL"
1578,"KOČEVJE"
1579,"KOČEVJE"
1580,"KOČEVJE"
1581,"KOČEVJE"
1582,"KOČEVJE"
1583,"KOČEVJE"
1584,"LOŠKI POTOK"
1585,"LOŠKI POTOK"
1586,"LOŠKI POTOK"
1586,"OSILNICA"
1587,"OSILNICA"
1588,"OSILNICA"
1588,"KOSTEL"
1589,"KOČEVJE"
1590,"KOČEVJE"
1591,"KOČEVJE"
1592,"KOČEVJE"
1593,"KOČEVJE"
1594,"KOČEVJE"
1596,"KOČEVJE"
1597,"KOČEVJE"
1599,"KOČEVJE"
1600,"KOČEVJE"
1601,"KOČEVJE"
1602,"KOČEVJE"
1603,"KOČEVJE"
1605,"KOSTEL"
1605,"KOČEVJE"
1607,"KOSTEL"
1608,"KOČEVJE"
1609,"KOSTEL"
1610,"KOSTEL"
1611,"KOSTEL"
1612,"KOSTEL"
1613,"KOSTEL"
1614,"RIBNICA"
1614,"SODRAŽICA"
1615,"RIBNICA"
1616,"RIBNICA"
1617,"RIBNICA"
1618,"SODRAŽICA"
1618,"RIBNICA"
1619,"SODRAŽICA"
1619,"RIBNICA"
1620,"SODRAŽICA"
1621,"SODRAŽICA"
1622,"SODRAŽICA"
1623,"RIBNICA"
1624,"RIBNICA"
1625,"RIBNICA"
1626,"RIBNICA"
1627,"RIBNICA"
1628,"RIBNICA"
1629,"RIBNICA"
1630,"RIBNICA"
1631,"RIBNICA"
1632,"CERKNICA"
1633,"CERKNICA"
1634,"LOŠKA DOLINA"
1635,"LOŠKA DOLINA"
1636,"LOŠKA DOLINA"
1637,"LOŠKA DOLINA"
1638,"LOŠKA DOLINA"
1639,"LOŠKA DOLINA"
1639,"VRHNIKA"
1640,"LOŠKI POTOK"
1641,"LOŠKI POTOK"
1642,"LOŠKI POTOK"
1644,"LOŠKA DOLINA"
1645,"LOŠKA DOLINA"
1646,"LOŠKA DOLINA"
1647,"LOŠKA DOLINA"
1648,"LOŠKA DOLINA"
1649,"LOŠKA DOLINA"
1650,"LOŠKA DOLINA"
1651,"LOŠKA DOLINA"
1652,"BREZOVICA"
1652,"LJUBLJANA"
1653,"CERKNICA"
1654,"CERKNICA"
1655,"CERKNICA"
1656,"CERKNICA"
1657,"CERKNICA"
1658,"CERKNICA"
1659,"CERKNICA"
1660,"CERKNICA"
1661,"CERKNICA"
1662,"CERKNICA"
1663,"CERKNICA"
1664,"CERKNICA"
1665,"CERKNICA"
1666,"CERKNICA"
1667,"BLOKE"
1668,"BLOKE"
1669,"CERKNICA"
1670,"CERKNICA"
1670,"BLOKE"
1671,"BLOKE"
1672,"BLOKE"
1673,"BLOKE"
1674,"BLOKE"
1675,"CERKNICA"
1676,"CERKNICA"
1677,"CERKNICA"
1679,"CERKNICA"
1680,"CERKNICA"
1681,"CERKNICA"
1683,"BLOKE"
1684,"BLOKE"
1685,"BLOKE"
1686,"BLOKE"
1687,"BLOKE"
1688,"BLOKE"
1689,"BLOKE"
1690,"BLOKE"
1691,"BLOKE"
1692,"BLOKE"
1693,"BLOKE"
1694,"BLOKE"
1695,"ŠKOFLJICA"
1695,"LJUBLJANA"
1695,"UNDEFINED"
1696,"LJUBLJANA"
1696,"ŠKOFLJICA"
1696,"UNDEFINED"
1697,"LJUBLJANA"
1697,"ŠKOFLJICA"
1698,"ŠKOFLJICA"
1699,"IG"
1700,"IG"
1701,"IG"
1701,"LJUBLJANA"
1702,"IG"
1702,"LJUBLJANA"
1703,"BREZOVICA"
1704,"BREZOVICA"
1705,"BREZOVICA"
1706,"IG"
1707,"IG"
1708,"IG"
1708,"LJUBLJANA"
1709,"IG"
1709,"ŠKOFLJICA"
1710,"ŠKOFLJICA"
1711,"VELIKE LAŠČE"
1712,"IG"
1713,"VELIKE LAŠČE"
1714,"VELIKE LAŠČE"
1715,"VELIKE LAŠČE"
1716,"VELIKE LAŠČE"
1717,"VELIKE LAŠČE"
1718,"VELIKE LAŠČE"
1719,"VELIKE LAŠČE"
1720,"LJUBLJANA"
1721,"LJUBLJANA"
1722,"LJUBLJANA"
1723,"LJUBLJANA"
1724,"LJUBLJANA"
1724,"BREZOVICA"
1725,"LJUBLJANA"
1726,"LJUBLJANA"
1727,"LJUBLJANA"
1728,"LJUBLJANA"
1729,"LJUBLJANA"
1730,"LJUBLJANA"
1731,"LJUBLJANA"
1732,"LJUBLJANA"
1733,"LJUBLJANA"
1734,"LJUBLJANA"
1735,"NOVO MESTO"
1735,"LJUBLJANA"
1736,"LJUBLJANA"
1737,"LJUBLJANA"
1737,"MARIBOR"
1737,"TABOR"
1738,"LJUBLJANA"
1739,"LJUBLJANA"
1740,"LJUBLJANA"
1741,"MEDVODE"
1741,"VODICE"
1741,"LJUBLJANA"
1742,"VODICE"
1743,"VODICE"
1744,"VODICE"
1745,"VODICE"
1746,"LJUBLJANA"
1747,"VODICE"
1748,"VODICE"
1749,"LJUBLJANA"
1750,"LJUBLJANA"
1751,"LJUBLJANA"
1752,"LJUBLJANA"
1752,"MEDVODE"
1753,"LJUBLJANA"
1754,"LJUBLJANA"
1755,"LJUBLJANA"
1756,"LJUBLJANA"
1757,"LJUBLJANA"
1758,"DOMŽALE"
1759,"LJUBLJANA"
1760,"DOL PRI LJUBLJANI"
1761,"LJUBLJANA"
1761,"DOL PRI LJUBLJANI"
1761,"MEDVODE"
1762,"DOL PRI LJUBLJANI"
1763,"DOL PRI LJUBLJANI"
1764,"DOL PRI LJUBLJANI"
1765,"DOL PRI LJUBLJANI"
1766,"DOL PRI LJUBLJANI"
1767,"DOL PRI LJUBLJANI"
1768,"DOL PRI LJUBLJANI"
1769,"DOL PRI LJUBLJANI"
1770,"LJUBLJANA"
1771,"LJUBLJANA"
1772,"LJUBLJANA"
1773,"LJUBLJANA"
1774,"LJUBLJANA"
1775,"LJUBLJANA"
1776,"LJUBLJANA"
1777,"LJUBLJANA"
1778,"LJUBLJANA"
1779,"LJUBLJANA"
1780,"GROSUPLJE"
1781,"IVANČNA GORICA"
1781,"GROSUPLJE"
1782,"GROSUPLJE"
1783,"GROSUPLJE"
1784,"GROSUPLJE"
1785,"GROSUPLJE"
1786,"GROSUPLJE"
1787,"GROSUPLJE"
1788,"GROSUPLJE"
1788,"LJUBLJANA"
1789,"GROSUPLJE"
1790,"GROSUPLJE"
1791,"GROSUPLJE"
1792,"GROSUPLJE"
1793,"GROSUPLJE"
1794,"GROSUPLJE"
1795,"GROSUPLJE"
1796,"DOBREPOLJE"
1797,"GROSUPLJE"
1797,"DOBREPOLJE"
1798,"DOBREPOLJE"
1799,"DOBREPOLJE"
1800,"DOBREPOLJE"
1801,"DOBREPOLJE"
1802,"IVANČNA GORICA"
1803,"IVANČNA GORICA"
1804,"IVANČNA GORICA"
1805,"IVANČNA GORICA"
1806,"IVANČNA GORICA"
1807,"IVANČNA GORICA"
1808,"IVANČNA GORICA"
1809,"IVANČNA GORICA"
1810,"IVANČNA GORICA"
1811,"IVANČNA GORICA"
1812,"IVANČNA GORICA"
1813,"IVANČNA GORICA"
1814,"IVANČNA GORICA"
1815,"IVANČNA GORICA"
1815,"GROSUPLJE"
1816,"IVANČNA GORICA"
1817,"GROSUPLJE"
1817,"IVANČNA GORICA"
1818,"IVANČNA GORICA"
1819,"IVANČNA GORICA"
1820,"GROSUPLJE"
1820,"IVANČNA GORICA"
1821,"IVANČNA GORICA"
1822,"IVANČNA GORICA"
1823,"DOMŽALE"
1823,"IVANČNA GORICA"
1824,"GROSUPLJE"
1824,"IVANČNA GORICA"
1825,"IVANČNA GORICA"
1826,"IVANČNA GORICA"
1827,"IVANČNA GORICA"
1828,"IVANČNA GORICA"
1829,"IVANČNA GORICA"
1830,"IVANČNA GORICA"
1831,"IVANČNA GORICA"
1832,"LITIJA"
1833,"LITIJA"
1834,"LITIJA"
1835,"LITIJA"
1836,"LITIJA"
1837,"LITIJA"
1838,"ŠMARTNO PRI LITIJI"
1838,"LITIJA"
1839,"ŠMARTNO PRI LITIJI"
1839,"LITIJA"
1840,"LITIJA"
1841,"LITIJA"
1842,"LITIJA"
1843,"LITIJA"
1843,"ŠENTRUPERT"
1844,"LITIJA"
1845,"LITIJA"
1846,"ŠMARTNO PRI LITIJI"
1847,"ŠMARTNO PRI LITIJI"
1848,"LITIJA"
1848,"ŠMARTNO PRI LITIJI"
1849,"ŠMARTNO PRI LITIJI"
1850,"ŠMARTNO PRI LITIJI"
1851,"ŠMARTNO PRI LITIJI"
1852,"ŠMARTNO PRI LITIJI"
1853,"LITIJA"
1854,"LITIJA"
1855,"HRASTNIK"
1856,"HRASTNIK"
1857,"HRASTNIK"
1858,"HRASTNIK"
1859,"HRASTNIK"
1860,"LAŠKO"
1861,"RADEČE"
1861,"LAŠKO"
1862,"RADEČE"
1862,"LAŠKO"
1863,"HRASTNIK"
1864,"RADEČE"
1865,"RADEČE"
1866,"RADEČE"
1867,"RADEČE"
1868,"TRBOVLJE"
1869,"TRBOVLJE"
1870,"TRBOVLJE"
1871,"TRBOVLJE"
1872,"TRBOVLJE"
1873,"ZAGORJE OB SAVI"
1874,"ZAGORJE OB SAVI"
1875,"ZAGORJE OB SAVI"
1876,"ZAGORJE OB SAVI"
1877,"TRBOVLJE"
1878,"ZAGORJE OB SAVI"
1879,"ZAGORJE OB SAVI"
1880,"ZAGORJE OB SAVI"
1881,"ZAGORJE OB SAVI"
1882,"ZAGORJE OB SAVI"
1883,"ZAGORJE OB SAVI"
1884,"ZAGORJE OB SAVI"
1885,"ZAGORJE OB SAVI"
1886,"ZAGORJE OB SAVI"
1887,"ZAGORJE OB SAVI"
1888,"LITIJA"
1889,"ZAGORJE OB SAVI"
1890,"KAMNIK"
1891,"KAMNIK"
1892,"KAMNIK"
1893,"KAMNIK"
1894,"KAMNIK"
1895,"KAMNIK"
1896,"KAMNIK"
1897,"KAMNIK"
1898,"KAMNIK"
1899,"KAMNIK"
1900,"KAMNIK"
1901,"KOMENDA"
1902,"KOMENDA"
1902,"KRANJ"
1903,"KOMENDA"
1904,"KOMENDA"
1904,"KAMNIK"
1905,"KOMENDA"
1905,"KAMNIK"
1905,"LJUBLJANA"
1906,"KOMENDA"
1907,"KOMENDA"
1908,"KAMNIK"
1909,"KAMNIK"
1910,"KAMNIK"
1911,"KAMNIK"
1912,"KAMNIK"
1913,"KAMNIK"
1914,"KAMNIK"
1915,"KAMNIK"
1916,"KAMNIK"
1917,"KAMNIK"
1918,"KAMNIK"
1919,"KAMNIK"
1920,"KAMNIK"
1921,"KAMNIK"
1922,"KAMNIK"
1923,"KAMNIK"
1924,"ZAGORJE OB SAVI"
1924,"LUKOVICA"
1925,"LUKOVICA"
1926,"LUKOVICA"
1927,"LUKOVICA"
1928,"LUKOVICA"
1929,"LUKOVICA"
1930,"LUKOVICA"
1931,"LUKOVICA"
1932,"LUKOVICA"
1933,"LUKOVICA"
1934,"LUKOVICA"
1935,"DOMŽALE"
1936,"DOMŽALE"
1937,"DOMŽALE"
1938,"MENGEŠ"
1938,"DOMŽALE"
1939,"MENGEŠ"
1940,"DOMŽALE"
1940,"MENGEŠ"
1943,"DOMŽALE"
1944,"LJUBLJANA"
1944,"DOMŽALE"
1944,"LUKOVICA"
1945,"DOMŽALE"
1946,"LUKOVICA"
1946,"DOMŽALE"
1947,"LUKOVICA"
1948,"MORAVČE"
1949,"MORAVČE"
1950,"MORAVČE"
1951,"MORAVČE"
1952,"MORAVČE"
1953,"MORAVČE"
1954,"MORAVČE"
1955,"MORAVČE"
1956,"DOMŽALE"
1956,"MORAVČE"
1957,"DOMŽALE"
1957,"MORAVČE"
1958,"DOMŽALE"
1959,"DOMŽALE"
1961,"KRANJ"
1961,"TRZIN"
1961,"DOMŽALE"
1962,"DOMŽALE"
1963,"DOMŽALE"
1964,"DOMŽALE"
1965,"DOMŽALE"
1966,"DOMŽALE"
1967,"MEDVODE"
1968,"MEDVODE"
1969,"VODICE"
1970,"MEDVODE"
1971,"MEDVODE"
1972,"MEDVODE"
1973,"LJUBLJANA"
1973,"MEDVODE"
1974,"MEDVODE"
1975,"MEDVODE"
1976,"LJUBLJANA"
1976,"DOMŽALE"
1976,"MEDVODE"
1977,"MEDVODE"
1978,"MEDVODE"
1979,"MEDVODE"
1980,"MEDVODE"
1981,"MEDVODE"
1982,"LJUBLJANA"
1982,"DOBROVA-POLHOV GRADEC"
1983,"DOBROVA-POLHOV GRADEC"
1983,"MEDVODE"
1984,"DOBROVA-POLHOV GRADEC"
1985,"DOBROVA-POLHOV GRADEC"
1986,"DOBROVA-POLHOV GRADEC"
1987,"DOBROVA-POLHOV GRADEC"
1988,"DOBROVA-POLHOV GRADEC"
1989,"DOBROVA-POLHOV GRADEC"
1990,"HORJUL"
1991,"HORJUL"
1992,"HORJUL"
1993,"HORJUL"
1994,"DOBROVA-POLHOV GRADEC"
1994,"LJUBLJANA"
1995,"DOBROVA-POLHOV GRADEC"
1995,"LJUBLJANA"
1996,"LOG-DRAGOMER"
1996,"VRHNIKA"
1997,"VRHNIKA"
1998,"VRHNIKA"
1999,"VRHNIKA"
2000,"VRHNIKA"
2001,"VRHNIKA"
2002,"VRHNIKA"
2003,"VRHNIKA"
2004,"VRHNIKA"
2004,"BOROVNICA"
2005,"BOROVNICA"
2006,"BOROVNICA"
2007,"LOGATEC"
2008,"LOGATEC"
2009,"LOGATEC"
2010,"LOGATEC"
2011,"LOGATEC"
2012,"LOGATEC"
2013,"LOGATEC"
2015,"LOGATEC"
2016,"LOGATEC"
2017,"KAMNIK"
2017,"LOGATEC"
2017,"POSTOJNA"
2018,"LOGATEC"
2019,"LOGATEC"
2020,"ŽIRI"
2021,"ŽIRI"
2022,"ŽIRI"
2023,"ŽIRI"
2024,"ŽIRI"
2025,"ŽIRI"
2026,"ŠKOFJA LOKA"
2027,"ŠKOFJA LOKA"
2028,"ŠKOFJA LOKA"
2029,"ŠKOFJA LOKA"
2030,"ŠKOFJA LOKA"
2031,"ŠKOFJA LOKA"
2032,"ŠKOFJA LOKA"
2033,"ŠKOFJA LOKA"
2034,"ŠKOFJA LOKA"
2035,"ŠKOFJA LOKA"
2036,"ŠKOFJA LOKA"
2037,"GORENJA VAS-POLJANE"
2038,"GORENJA VAS-POLJANE"
2039,"GORENJA VAS-POLJANE"
2040,"GORENJA VAS-POLJANE"
2040,"ŠKOFJA LOKA"
2041,"ŠKOFJA LOKA"
2042,"ŠKOFJA LOKA"
2043,"ŠKOFJA LOKA"
2044,"ŠKOFJA LOKA"
2045,"ŠKOFJA LOKA"
2046,"GORENJA VAS-POLJANE"
2046,"ŠKOFJA LOKA"
2047,"GORENJA VAS-POLJANE"
2048,"GORENJA VAS-POLJANE"
2049,"GORENJA VAS-POLJANE"
2050,"GORENJA VAS-POLJANE"
2051,"GORENJA VAS-POLJANE"
2052,"GORENJA VAS-POLJANE"
2054,"ŽIRI"
2055,"GORENJA VAS-POLJANE"
2056,"GORENJA VAS-POLJANE"
2057,"GORENJA VAS-POLJANE"
2057,"IVANČNA GORICA"
2058,"GORENJA VAS-POLJANE"
2058,"ŠKOFJA LOKA"
2059,"GORENJA VAS-POLJANE"
2060,"ŽELEZNIKI"
2061,"ŽELEZNIKI"
2062,"ŽELEZNIKI"
2063,"ŽELEZNIKI"
2064,"ŽELEZNIKI"
2065,"ŠKOFJA LOKA"
2065,"ŽELEZNIKI"
2066,"ŽELEZNIKI"
2067,"ŠKOFJA LOKA"
2068,"ŠKOFJA LOKA"
2069,"ŠKOFJA LOKA"
2069,"LENART"
2070,"ŽELEZNIKI"
2071,"ŽELEZNIKI"
2072,"ŽELEZNIKI"
2073,"ŽELEZNIKI"
2074,"ŽELEZNIKI"
2075,"ŽELEZNIKI"
2076,"JEZERSKO"
2077,"JEZERSKO"
2078,"CERKLJE NA GORENJSKEM"
2078,"PREDDVOR"
2079,"CERKLJE NA GORENJSKEM"
2079,"KAMNIK"
2080,"CERKLJE NA GORENJSKEM"
2081,"ŠENČUR"
2082,"PREDDVOR"
2083,"PREDDVOR"
2084,"PREDDVOR"
2085,"KRANJ"
2086,"KRANJ"
2087,"KRANJ"
2088,"KRANJ"
2089,"KRANJ"
2090,"KRANJ"
2092,"NAKLO"
2093,"NAKLO"
2093,"MARIBOR"
2094,"NAKLO"
2095,"NAKLO"
2096,"NAKLO"
2097,"NAKLO"
2098,"KRANJ"
2099,"NAKLO"
2100,"KRANJ"
2101,"KRANJ"
2102,"KRANJ"
2103,"KRANJ"
2104,"ŠKOFJA LOKA"
2104,"KRANJ"
2105,"KRANJ"
2106,"ŠENČUR"
2107,"ŠENČUR"
2108,"CERKLJE NA GORENJSKEM"
2109,"CERKLJE NA GORENJSKEM"
2110,"CERKLJE NA GORENJSKEM"
2111,"CERKLJE NA GORENJSKEM"
2112,"CERKLJE NA GORENJSKEM"
2113,"CERKLJE NA GORENJSKEM"
2114,"CERKLJE NA GORENJSKEM"
2115,"CERKLJE NA GORENJSKEM"
2116,"CERKLJE NA GORENJSKEM"
2117,"CERKLJE NA GORENJSKEM"
2118,"CERKLJE NA GORENJSKEM"
2119,"ŠENČUR"
2120,"KRANJ"
2121,"KRANJ"
2122,"KRANJ"
2123,"KRANJ"
2124,"KRANJ"
2124,"ŠENČUR"
2125,"ŠENČUR"
2126,"ŠENČUR"
2127,"KRANJ"
2128,"KRANJ"
2129,"KRANJ"
2130,"KRANJ"
2131,"KRANJ"
2132,"KRANJ"
2133,"ŠKOFJA LOKA"
2134,"KRANJ"
2135,"KRANJ"
2136,"KRANJ"
2137,"KRANJ"
2138,"KRANJ"
2139,"KRANJ"
2140,"KRANJ"
2141,"TRŽIČ"
2142,"TRŽIČ"
2143,"TRŽIČ"
2144,"TRŽIČ"
2145,"TRŽIČ"
2146,"TRŽIČ"
2147,"TRŽIČ"
2148,"TRŽIČ"
2149,"TRŽIČ"
2150,"TRŽIČ"
2151,"RADOVLJICA"
2152,"RADOVLJICA"
2153,"RADOVLJICA"
2154,"RADOVLJICA"
2155,"RADOVLJICA"
2156,"RADOVLJICA"
2157,"RADOVLJICA"
2158,"RADOVLJICA"
2159,"RADOVLJICA"
2160,"RADOVLJICA"
2161,"RADOVLJICA"
2162,"RADOVLJICA"
2163,"RADOVLJICA"
2164,"RADOVLJICA"
2164,"BOHINJ"
2165,"RADOVLJICA"
2166,"RADOVLJICA"
2167,"KRANJSKA GORA"
2168,"KRANJSKA GORA"
2169,"KRANJSKA GORA"
2170,"JESENICE"
2170,"KRANJSKA GORA"
2171,"JESENICE"
2171,"KRANJSKA GORA"
2172,"JESENICE"
2173,"JESENICE"
2174,"JESENICE"
2175,"JESENICE"
2175,"ŽIROVNICA"
2176,"JESENICE"
2177,"JESENICE"
2178,"JESENICE"
2179,"JESENICE"
2180,"JESENICE"
2180,"ŽIROVNICA"
2181,"ŽIROVNICA"
2182,"ŽIROVNICA"
2183,"BLED"
2183,"RADOVLJICA"
2184,"BLED"
2184,"GORJE"
2185,"GORJE"
2186,"GORJE"
2187,"GORJE"
2188,"GORJE"
2189,"BLED"
2190,"BLED"
2191,"BLED"
2191,"RADOVLJICA"
2192,"BLED"
2193,"BLED"
2194,"BLED"
2195,"BOHINJ"
2196,"BOHINJ"
2197,"BOHINJ"
2198,"BOHINJ"
2199,"BOHINJ"
2200,"BOHINJ"
2201,"BOHINJ"
2202,"BOHINJ"
2203,"BOVEC"
2204,"BOVEC"
2205,"BOVEC"
2206,"BOVEC"
2207,"BOVEC"
2208,"BOVEC"
2209,"BOVEC"
2210,"BOVEC"
2211,"BOVEC"
2212,"BOVEC"
2213,"BOVEC"
2214,"KOBARID"
2215,"KOBARID"
2216,"KOBARID"
2217,"KOBARID"
2218,"KOBARID"
2219,"KOBARID"
2220,"KOBARID"
2221,"KOBARID"
2222,"KOBARID"
2223,"KOBARID"
2224,"KOBARID"
2225,"KOBARID"
2226,"KOBARID"
2226,"TOLMIN"
2227,"KOBARID"
2228,"KOBARID"
2229,"KOBARID"
2230,"KOBARID"
2231,"TOLMIN"
2232,"TOLMIN"
2233,"TOLMIN"
2234,"TOLMIN"
2235,"TOLMIN"
2236,"TOLMIN"
2237,"TOLMIN"
2238,"TOLMIN"
2239,"TOLMIN"
2240,"TOLMIN"
2241,"TOLMIN"
2242,"TOLMIN"
2243,"TOLMIN"
2244,"TOLMIN"
2245,"TOLMIN"
2246,"TOLMIN"
2247,"TOLMIN"
2248,"TOLMIN"
2249,"TOLMIN"
2250,"TOLMIN"
2251,"TOLMIN"
2252,"TOLMIN"
2253,"TOLMIN"
2254,"TOLMIN"
2255,"TOLMIN"
2256,"TOLMIN"
2257,"TOLMIN"
2258,"TOLMIN"
2259,"TOLMIN"
2260,"TOLMIN"
2261,"TOLMIN"
2262,"KANAL"
2263,"KANAL"
2264,"KANAL"
2265,"KANAL"
2266,"KANAL"
2267,"KANAL"
2268,"KANAL"
2269,"KANAL"
2270,"KANAL"
2271,"KANAL"
2272,"KANAL"
2273,"KANAL"
2274,"KANAL"
2275,"KANAL"
2276,"NOVA GORICA"
2276,"KANAL"
2277,"BRDA"
2278,"BRDA"
2279,"BRDA"
2280,"BRDA"
2281,"BRDA"
2282,"BRDA"
2283,"BRDA"
2284,"BRDA"
2285,"BRDA"
2286,"BRDA"
2287,"BRDA"
2288,"BRDA"
2289,"BRDA"
2290,"BRDA"
2291,"BRDA"
2293,"NOVA GORICA"
2294,"NOVA GORICA"
2295,"NOVA GORICA"
2296,"NOVA GORICA"
2297,"NOVA GORICA"
2298,"NOVA GORICA"
2299,"NOVA GORICA"
2300,"NOVA GORICA"
2301,"NOVA GORICA"
2302,"NOVA GORICA"
2303,"NOVA GORICA"
2304,"NOVA GORICA"
2306,"NOVA GORICA"
2306,"ŠEMPETER-VRTOJBA"
2307,"NOVA GORICA"
2308,"NOVA GORICA"
2309,"NOVA GORICA"
2310,"NOVA GORICA"
2311,"NOVA GORICA"
2312,"NOVA GORICA"
2313,"NOVA GORICA"
2314,"NOVA GORICA"
2314,"RENČE-VOGRSKO"
2315,"ŠEMPETER"
2315,"ŠEMPETER-VRTOJBA"
2315,"RENČE-VOGRSKO"
2316,"MIREN-KOSTANJEVICA"
2316,"RENČE-VOGRSKO"
2316,"ŠEMPETER-VRTOJBA"
2318,"MIREN-KOSTANJEVICA"
2319,"RENČE-VOGRSKO"
2320,"NOVA GORICA"
2320,"RENČE-VOGRSKO"
2321,"NOVA GORICA"
2321,"RENČE-VOGRSKO"
2322,"NOVA GORICA"
2322,"RENČE-VOGRSKO"
2323,"MIREN-KOSTANJEVICA"
2324,"MIREN-KOSTANJEVICA"
2325,"MIREN-KOSTANJEVICA"
2326,"KRANJ"
2327,"MIREN-KOSTANJEVICA"
2328,"MIREN-KOSTANJEVICA"
2329,"MIREN-KOSTANJEVICA"
2330,"MIREN-KOSTANJEVICA"
2331,"MIREN-KOSTANJEVICA"
2332,"MIREN-KOSTANJEVICA"
2333,"MIREN-KOSTANJEVICA"
2334,"MIREN-KOSTANJEVICA"
2335,"NOVA GORICA"
2335,"RENČE-VOGRSKO"
2336,"NOVA GORICA"
2337,"CERKNO"
2338,"CERKNO"
2339,"CERKNO"
2340,"CERKNO"
2341,"CERKNO"
2342,"CERKNO"
2343,"CERKNO"
2344,"CERKNO"
2345,"CERKNO"
2346,"CERKNO"
2347,"CERKNO"
2348,"CERKNO"
2349,"CERKNO"
2350,"IDRIJA"
2350,"CERKNO"
2352,"IDRIJA"
2353,"IDRIJA"
2354,"IDRIJA"
2355,"IDRIJA"
2356,"IDRIJA"
2357,"IDRIJA"
2358,"IDRIJA"
2359,"IDRIJA"
2360,"IDRIJA"
2361,"IDRIJA"
2362,"IDRIJA"
2363,"IDRIJA"
2364,"IDRIJA"
2365,"IDRIJA"
2366,"IDRIJA"
2367,"IDRIJA"
2368,"IDRIJA"
2369,"IDRIJA"
2370,"AJDOVŠČINA"
2371,"AJDOVŠČINA"
2372,"AJDOVŠČINA"
2373,"AJDOVŠČINA"
2374,"AJDOVŠČINA"
2375,"AJDOVŠČINA"
2376,"AJDOVŠČINA"
2378,"VIPAVA"
2379,"AJDOVŠČINA"
2380,"AJDOVŠČINA"
2381,"AJDOVŠČINA"
2382,"AJDOVŠČINA"
2383,"AJDOVŠČINA"
2384,"AJDOVŠČINA"
2385,"AJDOVŠČINA"
2386,"AJDOVŠČINA"
2387,"AJDOVŠČINA"
2388,"AJDOVŠČINA"
2389,"AJDOVŠČINA"
2390,"AJDOVŠČINA"
2391,"AJDOVŠČINA"
2392,"AJDOVŠČINA"
2393,"AJDOVŠČINA"
2394,"AJDOVŠČINA"
2395,"AJDOVŠČINA"
2396,"AJDOVŠČINA"
2397,"AJDOVŠČINA"
2398,"VIPAVA"
2399,"AJDOVŠČINA"
2400,"VIPAVA"
2401,"VIPAVA"
2402,"VIPAVA"
2402,"AJDOVŠČINA"
2403,"VIPAVA"
2404,"VIPAVA"
2405,"VIPAVA"
2406,"VIPAVA"
2407,"VIPAVA"
2408,"KOMEN"
2409,"KOMEN"
2410,"KOMEN"
2411,"KOMEN"
2412,"KOMEN"
2413,"KOMEN"
2414,"KOMEN"
2415,"KOMEN"
2416,"KOMEN"
2417,"KOMEN"
2418,"KOMEN"
2419,"KOMEN"
2420,"SEŽANA"
2420,"KOMEN"
2421,"SEŽANA"
2422,"SEŽANA"
2423,"KOMEN"
2423,"SEŽANA"
2424,"KOMEN"
2425,"KOMEN"
2426,"SEŽANA"
2426,"KOMEN"
2427,"SEŽANA"
2429,"KOMEN"
2429,"SEŽANA"
2430,"SEŽANA"
2431,"SEŽANA"
2432,"SEŽANA"
2434,"SEŽANA"
2435,"SEŽANA"
2436,"SEŽANA"
2437,"SEŽANA"
2438,"SEŽANA"
2439,"SEŽANA"
2440,"SEŽANA"
2441,"DIVAČA"
2442,"SEŽANA"
2443,"DIVAČA"
2444,"DIVAČA"
2445,"DIVAČA"
2446,"DIVAČA"
2447,"DIVAČA"
2448,"DIVAČA"
2449,"DIVAČA"
2450,"DIVAČA"
2451,"DIVAČA"
2452,"DIVAČA"
2453,"SEŽANA"
2454,"SEŽANA"
2455,"SEŽANA"
2456,"SEŽANA"
2457,"SEŽANA"
2458,"SEŽANA"
2459,"SEŽANA"
2460,"DIVAČA"
2461,"DIVAČA"
2462,"DIVAČA"
2463,"DIVAČA"
2464,"DIVAČA"
2465,"DIVAČA"
2466,"DIVAČA"
2467,"DIVAČA"
2468,"DIVAČA"
2469,"POSTOJNA"
2470,"LOGATEC"
2470,"POSTOJNA"
2471,"POSTOJNA"
2472,"POSTOJNA"
2473,"POSTOJNA"
2474,"POSTOJNA"
2475,"POSTOJNA"
2476,"POSTOJNA"
2477,"POSTOJNA"
2478,"POSTOJNA"
2479,"POSTOJNA"
2480,"POSTOJNA"
2481,"POSTOJNA"
2482,"POSTOJNA"
2483,"POSTOJNA"
2484,"POSTOJNA"
2485,"POSTOJNA"
2486,"POSTOJNA"
2487,"POSTOJNA"
2488,"POSTOJNA"
2489,"POSTOJNA"
2490,"POSTOJNA"
2491,"POSTOJNA"
2492,"POSTOJNA"
2493,"PIVKA"
2494,"POSTOJNA"
2494,"PIVKA"
2495,"PIVKA"
2496,"POSTOJNA"
2496,"PIVKA"
2497,"PIVKA"
2498,"PIVKA"
2499,"PIVKA"
2500,"PIVKA"
2501,"PIVKA"
2502,"PIVKA"
2503,"PIVKA"
2504,"PIVKA"
2505,"PIVKA"
2506,"PIVKA"
2507,"PIVKA"
2508,"ILIRSKA BISTRICA"
2509,"ILIRSKA BISTRICA"
2510,"ILIRSKA BISTRICA"
2511,"ILIRSKA BISTRICA"
2512,"ILIRSKA BISTRICA"
2513,"ILIRSKA BISTRICA"
2515,"ILIRSKA BISTRICA"
2516,"ILIRSKA BISTRICA"
2517,"ILIRSKA BISTRICA"
2518,"ILIRSKA BISTRICA"
2519,"ILIRSKA BISTRICA"
2520,"ILIRSKA BISTRICA"
2521,"ILIRSKA BISTRICA"
2522,"ILIRSKA BISTRICA"
2523,"ILIRSKA BISTRICA"
2524,"ILIRSKA BISTRICA"
2525,"ILIRSKA BISTRICA"
2526,"ILIRSKA BISTRICA"
2527,"ILIRSKA BISTRICA"
2528,"ILIRSKA BISTRICA"
2529,"ILIRSKA BISTRICA"
2530,"ILIRSKA BISTRICA"
2531,"ILIRSKA BISTRICA"
2532,"ILIRSKA BISTRICA"
2533,"ILIRSKA BISTRICA"
2534,"ILIRSKA BISTRICA"
2535,"ILIRSKA BISTRICA"
2536,"ILIRSKA BISTRICA"
2537,"ILIRSKA BISTRICA"
2539,"ILIRSKA BISTRICA"
2540,"ILIRSKA BISTRICA"
2541,"ILIRSKA BISTRICA"
2542,"ILIRSKA BISTRICA"
2543,"ILIRSKA BISTRICA"
2544,"ILIRSKA BISTRICA"
2545,"ILIRSKA BISTRICA"
2546,"ILIRSKA BISTRICA"
2547,"ILIRSKA BISTRICA"
2548,"ILIRSKA BISTRICA"
2549,"ILIRSKA BISTRICA"
2550,"ILIRSKA BISTRICA"
2551,"ILIRSKA BISTRICA"
2552,"ILIRSKA BISTRICA"
2553,"HRPELJE-KOZINA"
2554,"HRPELJE-KOZINA"
2555,"HRPELJE-KOZINA"
2557,"HRPELJE-KOZINA"
2558,"HRPELJE-KOZINA"
2559,"HRPELJE-KOZINA"
2560,"HRPELJE-KOZINA"
2561,"HRPELJE-KOZINA"
2562,"HRPELJE-KOZINA"
2563,"HRPELJE-KOZINA"
2564,"ILIRSKA BISTRICA"
2565,"ILIRSKA BISTRICA"
2566,"ILIRSKA BISTRICA"
2567,"ILIRSKA BISTRICA"
2568,"ILIRSKA BISTRICA"
2569,"HRPELJE-KOZINA"
2570,"HRPELJE-KOZINA"
2571,"HRPELJE-KOZINA"
2572,"HRPELJE-KOZINA"
2573,"HRPELJE-KOZINA"
2574,"HRPELJE-KOZINA"
2575,"HRPELJE-KOZINA"
2576,"HRPELJE-KOZINA"
2577,"ILIRSKA BISTRICA"
2578,"ILIRSKA BISTRICA"
2579,"ILIRSKA BISTRICA"
2580,"ILIRSKA BISTRICA"
2581,"HRPELJE-KOZINA"
2582,"HRPELJE-KOZINA"
2583,"KOPER"
2584,"KOPER"
2585,"KOPER"
2585,"KAMNIK"
2589,"KOPER"
2590,"ANKARAN"
2590,"KOPER"
2592,"ANKARAN"
2592,"KOPER"
2593,"ANKARAN"
2593,"KOPER"
2594,"ANKARAN"
2594,"KOPER"
2595,"KOPER"
2596,"KOPER"
2597,"KOPER"
2598,"KOPER"
2599,"KOPER"
2600,"KOPER"
2601,"KOPER"
2602,"KOPER"
2603,"KOPER"
2604,"KOPER"
2605,"KOPER"
2606,"KOPER"
2607,"KOPER"
2608,"KOPER"
2609,"KOPER"
2610,"KOPER"
2611,"KOPER"
2612,"KOPER"
2613,"KOPER"
2614,"KOPER"
2615,"KOPER"
2616,"KOPER"
2617,"KOPER"
2618,"KOPER"
2619,"KOPER"
2620,"KOPER"
2621,"KOPER"
2622,"KOPER"
2623,"KOPER"
2624,"KOPER"
2625,"KOPER"
2626,"IZOLA"
2628,"IZOLA"
2629,"IZOLA"
2630,"PIRAN"
2631,"PIRAN"
2632,"PIRAN"
2633,"PIRAN"
2634,"PIRAN"
2635,"ROGAŠKA SLATINA"
2636,"LJUBLJANA"
2637,"JESENICE"
2638,"JESENICE"
2639,"CELJE"
2640,"HRASTNIK"
2641,"ZAGORJE OB SAVI"
2642,"GROSUPLJE"
2643,"KRIŽEVCI"
2645,"MISLINJA"
2646,"MISLINJA"
2647,"ŠENTJUR"
2649,"ZAGORJE OB SAVI"
2650,"LAŠKO"
2651,"LAŠKO"
2652,"ŠTORE"
2653,"DOMŽALE"
2654,"ŠMARTNO PRI LITIJI"
2655,"ŠMARTNO PRI LITIJI"
2656,"LITIJA"
2657,"LITIJA"
2658,"KOZJE"
2659,"ŠMARJE PRI JELŠAH"
2660,"ŠMARJE PRI JELŠAH"
2661,"SLOVENSKA BISTRICA"
2662,"SEVNICA"
2663,"NOVA GORICA"
2664,"NOVA GORICA"
2665,"ŠENTILJ"
2666,"LENART"
2667,"SELNICA OB DRAVI"
2668,"KAMNIK"
2669,"VELENJE"
2670,"DOBJE"
2671,"ŠENTJUR"
2672,"ŠENTJUR"
2673,"BREŽICE"
2674,"MARIBOR"
2675,"ČRNOMELJ"
2676,"ČRNOMELJ"
2677,"LJUBLJANA"
2678,"LJUBLJANA"
2679,"LJUBLJANA"
2680,"LJUBLJANA"
2681,"LJUBLJANA"
2682,"LJUBLJANA"
2683,"LJUBLJANA"
2684,"ŠKOFLJICA"
2685,"HRASTNIK"
2686,"RADEČE"
2687,"HRASTNIK"
2688,"HRASTNIK"
2689,"TRBOVLJE"
2690,"TRBOVLJE"
2691,"KAMNIK"
2692,"VRHNIKA"
2693,"LOGATEC"
2695,"KRANJ"
2696,"IDRIJA"
2697,"TOLMIN"
2698,"TOLMIN"
2699,"TOLMIN"
2700,"CERKNICA"
2701,"KOMEN"
2702,"KOMEN"
2703,"JESENICE"
2703,"LOGATEC"
2704,"PIVKA"
2705,"LOŠKA DOLINA"
2706,"LJUBLJANA"
2707,"TRBOVLJE"
2708,"ZAGORJE OB SAVI"
2711,"RUŠE"
2712,"MARIBOR"
2713,"MARIBOR"
2715,"IZOLA"
